year,core,core_dt,core_res,core_dt_res,sme_all,sme_dt,ai_all
2000,2,0,0,0,1693,41,1263
2001,1,0,0,0,1716,34,1334
2002,1,0,0,0,1854,27,1486
2003,2,1,0,0,2039,30,1815
2004,2,0,0,0,2411,34,2124
2005,1,0,0,0,2844,36,2363
2006,3,0,0,0,3274,35,2737
2007,1,0,0,0,3492,36,3033
2008,3,0,0,0,3817,44,3371
2009,4,0,0,0,4346,40,3686
2010,5,2,0,0,4993,52,4055
2011,3,0,0,0,5779,70,4690
2012,4,0,0,0,6540,60,5379
2013,2,0,0,0,7411,84,6494
2014,3,0,0,0,8169,91,7427
2015,3,0,0,0,8456,106,8832
2016,8,2,1,0,8213,139,11181
2017,19,5,1,1,8539,205,17205
2018,31,7,4,2,9351,321,29918
2019,71,26,8,2,10392,569,49764
2020,109,36,15,4,12511,915,75342
2021,158,38,40,14,13389,1432,99995
2022,206,69,54,29,14544,2146,121209
2023,325,116,63,30,17854,3278,160527
2024,723,310,113,68,20861,4945,231863
2025,1663,947,311,219,28979,10685,364553
