geo,EU27_2020,EU27_2020,EU27_2020,HR,HR,HR
size_emp,10-49,50-249,GE250,10-49,50-249,GE250
barrier,,,,,,
AI not useful for the enterprise,19.2,13.8,9.8,18.4,15.1,17.3
Ethical considerations,25.3,22.7,21.2,18.5,14.4,17.0
Costs seem too high,38.8,37.3,34.8,67.7,60.2,52.6
Incompatibility with existing systems,41.7,42.0,38.0,60.4,53.7,47.7
Data availability or quality,43.7,42.8,43.8,60.7,35.1,32.5
Data protection and privacy concerns,52.5,52.3,58.8,34.7,38.3,39.2
Unclear legal consequences,54.8,49.4,51.2,52.5,48.5,35.7
Lack of relevant expertise,70.9,69.2,65.1,63.3,65.8,59.2
