geo,ai_small,ai_large,dii_small,gap_pp,ratio
AT,26.18,68.26,70.45,42.08,2.61
BE,28.82,76.41,82.65,47.59,2.65
BG,7.17,26.18,35.24,19.01,3.65
CY,7.72,35.07,71.99,27.35,4.54
CZ,13.38,54.1,66.95,40.72,4.04
DE,23.06,56.99,70.99,33.93,2.47
DK,37.45,74.52,91.48,37.07,1.99
EE,20.74,52.9,68.74,32.16,2.55
EL,7.33,37.58,53.28,30.25,5.13
ES,17.17,57.46,72.89,40.29,3.35
FI,33.51,79.4,93.08,45.89,2.37
FR,15.04,58.01,66.37,42.97,3.86
HR,12.77,39.57,52.93,26.8,3.1
HU,8.7,39.99,56.78,31.29,4.6
IE,16.75,57.27,77.27,40.52,3.42
IT,14.23,53.09,78.0,38.86,3.73
LT,18.06,51.75,70.06,33.69,2.87
LU,30.48,57.97,74.22,27.49,1.9
LV,9.77,47.09,54.95,37.32,4.82
MT,18.04,51.75,81.24,33.71,2.87
NL,28.76,67.64,87.28,38.88,2.35
PL,5.79,45.81,55.06,40.02,7.91
PT,9.43,49.15,60.77,39.72,5.21
RO,4.13,20.75,41.91,16.62,5.02
SE,30.74,71.87,84.88,41.13,2.34
SI,18.29,71.74,61.83,53.45,3.92
SK,15.59,43.74,52.85,28.15,2.81
