id,year,title,source,design,mediation,res_construct,res_title
W4400997661,2023,Building resilient SMEs: Harnessing large language models for cyber security in Australia,"Journal of AI, robotics & workplace automation.",review,False,False,True
W4294997403,2022,Investigating the Strategic Role of Digital Transformation Path of SMEs in the Era of COVID-19: A Bibliometric Analysis Using R,Sustainability,review,False,False,False
W7115559295,2025,Systematic mappings on technology adoption in small and medium-sized enterprises from developing countries: an umbrella review,PeerJ Computer Science,conceptual/other,True,False,False
W7204033617,2024,"Advancing Explainable Artificial Intelligence and Predictive Business Analytics to Strengthen Digital Transformation, Operational Resilience, and Productivity among U.S. Small and Medium-Sized Enterprises","European journal of management, economics and business.",quantitative,True,True,True
W7116919443,2025,The Digital Transformation of Human Resources – A Conceptual Framework for Small and Medium-Sized Enterprises (SMEs),Journal of Human Resource Management Perspectives,conceptual/other,False,False,False
W4399127260,2024,Digital transformation in SMEs: Identifying cybersecurity risks and developing effective mitigation strategies,Global Journal of Engineering and Technology Advances,review,False,False,False
W4413061269,2025,Strategic Decision-Making in SMEs: A Review of Heuristics and Machine Learning for Multi-Objective Optimization,Computation,review,False,True,False
W7162257200,2025,"Technology Adoption in Small and Medium Enterprises and Its Impact on Business Growth, Innovation, and Digital Sustainability",International Journal of Advanced Research in Economics and Finance,conceptual/other,False,False,False
W4410015848,2025,Social Capital and Artificial Intelligence Readiness: The Mediating Role of Cyber Resilience and Value Construction of SMEs in Resource-Constrained Environments,Information Systems Frontiers,quantitative,True,False,True
W4407736889,2025,"Strategic Leadership in AI-Driven Digital Transformation: Ethical Governance, Innovation Management, and Sustainable Practices for Global Enterprises and SMEs",SBS Journal of Applied Business Research,qualitative,False,False,False
W4392291857,2024,"Accelerating SME growth in the African context: Harnessing FinTech, AI, and cybersecurity for economic prosperity",International Journal of Science and Research Archive,conceptual/other,False,False,False
W4415393602,2023,Machine Learning Approaches for Fraud Detection and Risk Assessment in Mobile Banking Applications and Fintech Solutions,International Journal of Scientific Research in Science Engineering and Technology,quantitative,False,False,False
W4416718542,2025,Digital–Circular Synergies in Sustainable Supply Chain Management: An Integrative Framework for SME Performance Enhancement,Sustainability,conceptual/other,True,False,False
W4405871548,2024,"Digital transformation in financial services: Integrating AI, Fintech, and innovative solutions for SME growth and financial inclusion",Gulf Journal of Advance Business Research,conceptual/other,False,False,False
W4415039666,2025,Strategic Application of AI Tools in Enhancing Tourism for SMEs: The Tourist Management in the Seismic Risk Areas,Athens Journal of Tourism,conceptual/other,False,False,False
W4411506195,2025,A Conceptual Model for Sustainable Intelligent Systems in Malaysian MSMEs,International Journal of Basic and Applied Sciences,conceptual/other,False,False,False
W4399234342,2024,AI Empowerment in SMEs: Bridging the Post-Pandemic Recovery and Innovation Gap,Journal of Artificial Intelligence & Cloud Computing,qualitative,False,False,False
W4409678973,2025,The Role of Technology Management in Enhancing Competitive Advantage among MSMEs,International Journal of Research and Innovation in Applied Science,conceptual/other,False,True,False
W7162242173,2025,The Transformation of Modern Warehouse Operations Through Artificial Intelligence Digital Automation and Smart Inventory Management,International Journal of Business and Technology Management,conceptual/other,False,False,False
W4404595359,2024,AI-Powered Knowledge Systems for SME Financial Management: A Conceptual Approach,International Journal of Science and Research (IJSR),qualitative,False,False,False
W4412092454,2025,Impact of Digital Transformation on Organizational Resilience: A Study of SMEs in Emerging Markets,Journal of Management Research,conceptual/other,False,True,True
W7130959783,2025,AI for Economic Inclusion: Empowering Underserved SMEs Through Intelligent Systems,Iconic Research and Engineering Journals,qualitative,False,False,False
W4413155711,2023,ANALYSIS OF AI CONTRIBUTION TOWARDS REDUCING FUTURE PANDEMIC LOSS IN SME SECTOR: ACCESS TO ONLINE MARKETING AND YOUTH INVOLVEMENT,American Journal of Advanced Technology and Engineering Solutions,conceptual/other,True,True,False
W7111291974,2025,DIGITAL TRANSFORMATION OF SMALL AND MEDIUM-SIZED ENTERPRISES IN EU COUNTRIES,Odessa National University Herald Economy,conceptual/other,False,False,False
W4405396941,2024,Collaborative automated machine learning (AutoML) process framework,Edelweiss Applied Science and Technology,conceptual/other,False,False,False
W7105996699,2025,The Smart Shift: A Knowledge Management and Industrial–Organizational Psychology Perspective on Digital Transformation and Sustainable Well-Being Among SMEs,Sustainability,quantitative,True,False,False
W4414712572,2025,Conceptualising the Digital ESG Shift: A Stakeholder Theory Perspective on SMEs and Emerging Technologies,International Journal of Creative Multimedia,conceptual/other,False,False,False
W4416102157,2025,Artificial intelligence’s role in industry 4.0-driven sustainable supply chains for small and medium-sized enterprises,Edelweiss Applied Science and Technology,review,True,False,False
W4409164823,2025,A study on Gen-AI technology development trends to enhance small-medium sized enterprise digital competence and management quality,Journal of Entrepreneurship in Emerging Economies,conceptual/other,False,False,False
W4407750525,2025,Business Case for a Regional AI-Based Marketplace for Renewable Energies,Sustainability,conceptual/other,False,False,False
W4413199096,2025,AI–Driven Frameworks for Strategic Risk Management: A Systematic Review and Model for Organizational Resilience and Decision Support,Journal of Intelligent Management Decision,review,False,True,True
W4413735642,2025,GENERATIVE AI STRATEGIES FOR BUILDING RESILIENCE IN MSMEs,Management Research and Business Journal,review,False,True,True
W4410488565,2025,"Emprendimiento, innovación y desafíos tecnológicos en las PYMES ecuatorianas: análisis de su resiliencia ante crisis múltiples (2020–2024)",Multidisciplinary Latin American Journal (MLAJ),conceptual/other,False,False,True
W4409380643,2022,A Digital Transformation Maturity Model for Improving Financial Reporting Accuracy and Scalability in Small-to-Medium Enterprises,International Journal of Management and Organizational Research,qualitative,False,False,False
W4402354298,2024,"Viewpoint: Digital resilience, new business models and international entrepreneurship in the era of knowledge-economy",Journal of Enterprise Information Management,qualitative,False,True,True
W4414436858,2025,Examining the Factors that Influence the Enculturation of Artificial Intelligence to Enhance the Productivity of MSMEs' Business for Sustainability,Information Management and Business Review,review,False,False,False
W7133355496,2025,"A Post-Pandemic Strategic Collaboration Model for Banks and Capital Markets: Addressing Resilience, Recovery, and Growth Challenges",International Journal of Advanced Multidisciplinary Research and Studies,qualitative,False,False,True
W4410368974,2022,Automated decision support systems for resource-constrained businesses: A technical review,International Journal of Social Science Exceptional Research,qualitative,False,True,False
W4411739633,2025,"Human resource analytics in the digital transformation era: Exploring adoption, strategic impact, and future directions with ai and the metaverse",International Journal of Research in Human Resource Management,conceptual/other,False,False,False
W7133515335,2025,Developing Early Warning Systems in the Era of Company Crisis Prevention,International Journal of Science and Social Science Research,qualitative,True,False,False
W7117888269,2025,Intelligent Automation and Machine Learning as Key Drivers of Digital Transformation in SMEs under Emerging Economic Risks,Annals of Dunarea de Jos University of Galati Fascicle I Economics and Applied Informatics,review,True,False,False
W4407043502,2025,Adaptive Machine Learning Approaches for Analyzing SME Growth and Financial Challenges in Andhra Pradesh,Communications on Applied Nonlinear Analysis,conceptual/other,False,False,False
W4411282692,2025,Talent Management and Leadership Development in the era of Digital Transformation,International Journal of Advanced Research in Science Communication and Technology,quantitative,False,False,False
W4411734560,2025,Synergizing MSMEs with Industry 5.0: A Pioneering Pathway to Innovation and Resilience in the Startup Ecosystem,International journal of research and scientific innovation,conceptual/other,False,False,True
W4410978451,2024,The High Stakes of Cyber Resilience: What Key Business Assets Can SMEs Afford to Lose?,Journal of Service Innovation and Sustainable Development,review,False,False,True
W4410250803,2025,Measuring the forecast accuracy in retail MSMEs: A comparative analysis between AI and traditional methods in the era of digital selling,Journal of Management and Informatics,conceptual/other,False,False,False
W7116065924,2025,Aligning SME Critical Assets with Cyber Risks Using a Matrix Model to Develop a Cyber Resilience Framework,"Journal of systemics, cybernetics, and informatics/Journal of systemics cybernetics and informatics",conceptual/other,False,False,True
W4415047561,2025,"BEYOND TECHNOLOGICAL OPTIMISM: A CRITICAL REVIEW OF INDUSTRY 4.0’S IMPLICATIONS FOR SMES, LABOR, SUSTAINABILITY, AND GOVERNANCE",Lex localis - Journal of Local Self-Government,conceptual/other,False,True,False
W4412408891,2025,Business Strategy Development for Indonesian SMEs in Precision Manufacturing: A Case Study of PT. XYZ,INOVASI,qualitative,False,False,False
W7127159190,2025,Accelerating Economic Value In Developing Regions: A Meta Synthesis Of AI Adoption In Indonesian Smes And Implications For North Sulawesi's Digital Ecosystem,Asia Pacific Journal of Interdisciplinary Studies,qualitative,True,False,False
W4417310264,2025,SYNERGY OF LECTURERS' DIGITAL COMPETENCIES AND STUDENT AI LITERACY IN IMPROVING LEARNING RECOVERY IN STUDENT SMEs,EDUCATIONAL Jurnal Inovasi Pendidikan & Pengajaran,quantitative,False,False,False
W4416193072,2025,"Leveraging Smart Technologies for Sustainable Economic Development: Evidence from Urban and Rural Communities in Bulawayo Province, Zimbabwe",African Journal of Commercial Studies,quantitative,False,False,False
W7168098394,2025,AI-Driven Predictive Maintenance for U.S. Smart Manufacturing: Deep Learning Models for Equipment Failure Prediction and Operational Resilience,Journal of Engineering and Computational Intelligence Review,quantitative,True,True,True
W4409645018,2025,The Impact of Project Management Strategies on the Effectiveness of Digital Marketing Analytics for Start-up Growth in the United States,Inverge Journal of Social Sciences,review,True,True,False
W4415243154,2025,"Logistics Entrepreneurship in the Digital Era: Opportunities, Challenges, and Growth Models in Smart Warehousing and Last-Mile Delivery",Inverge Journal of Social Sciences,review,True,False,False
W4413816375,2025,DATA MINING ТА ІНТЕЛЕКТУАЛЬНИЙ АНАЛІЗ ЕКОНОМІЧНИХ ДАНИХ ЯК ІНСТРУМЕНТ ПІДТРИМКИ УПРАВЛІНСЬКИХ РІШЕНЬ,Efektyvna ekonomika,conceptual/other,False,False,False
W7122621784,2025,"PREDICTIVE ANALYTICS AND DEMAND FORECASTING: APPLYING AI TO PREDICT FUTURE DEMAND, OPTIMIZE INVENTORY MANAGEMENT AND STREAMLINE SUPPLY CHAIN LOGISTICS BASED ON HISTORICAL DATA AND CONSUMER BEHAVIOR PATTERNS WITH TESTING BY ODOO ERP",International Journal of Grid Computing & Applications,qualitative,True,False,False
W4416208773,2025,OA2090. smartHEALTH: Driving digital transformation in healthcare and public services,European Journal of Public Health,conceptual/other,False,False,False
W4415812750,2025,Cybersecurity Challenges and Policy Imperatives in Rwanda’s Digital Transformation Era,Journal of Information and Technology,conceptual/other,False,False,False
W7168084671,2025,AI-Powered Supplier Risk Intelligence: Predicting Financial and Geopolitical Supply Chain Disruptions in U.S. Critical Industries,Journal of Engineering and Computational Intelligence Review,conceptual/other,False,True,False
