,,journal,n
2010-2020,0,Neural Computing and Applications,2
2010-2020,1,Journal of Manufacturing Systems,1
2010-2020,2,Procedia CIRP,1
2010-2020,3,International Journal of Production Economics,1
2010-2020,4,International Journal of Computational Intelligence Systems,1
2010-2020,5,Sustainability,1
2010-2020,6,International Journal of Economics and Business Administration,1
2010-2020,7,Entropy,1
2010-2020,8,Journal of the Association for Information Systems,1
2010-2020,9,Forum du commerce international/International trade forum,1
2021-2023,0,Sustainability,7
2021-2023,1,Annals of Operations Research,6
2021-2023,2,Applied Sciences,5
2021-2023,3,IEEE Transactions on Engineering Management,3
2021-2023,4,Computers,3
2021-2023,5,Technological Forecasting and Social Change,3
2021-2023,6,International Journal of Business Innovation and Research,3
2021-2023,7,Mobile Information Systems,3
2021-2023,8,Journal of Frontiers in Multidisciplinary Research,3
2021-2023,9,Journal of the Association for Information Systems,3
2024,0,International Journal of Management & Entrepreneurship Research,8
2024,1,World Journal of Advanced Research and Reviews,7
2024,2,Heliyon,5
2024,3,Procedia CIRP,5
2024,4,Applied Sciences,4
2024,5,Sustainability,4
2024,6,Scientific Papers of Silesian University of Technology Organization and Management Series,4
2024,7,Managerial and Decision Economics,3
2024,8,International Journal of Data and Network Science,3
2024,9,IEEE Access,3
2025,0,Sustainability,13
2025,1,International Journal of Science and Research Archive,9
2025,2,International Journal of Research and Innovation in Social Science,7
2025,3,Information,6
2025,4,International Journal of Advanced Research in Science Communication and Technology,6
2025,5,International Journal For Multidisciplinary Research,6
2025,6,Technology in Society,5
2025,7,Scientific Reports,5
2025,8,International Journal of Academic Research in Business and Social Sciences,5
2025,9,Asian Journal of Economics Business and Accounting,5
